name, age, e-mail, telephone, sex
최지준, 43, 4g9526w@kakao.com, 010-6859-4168, male
정민연, 49, zk25b379@tistory.com, 010-9227-9792, female
조지원, 43, uqtbfzgeqnk@google.com, 010-5434-1354, female
조도호, 57, u8zg9k@google.com, 010-5434-1354, male
최주진, 52, v6dwo54tw@kakao.com, 010-5434-1354, male
김지연, 42, q27rzfmh9@google.com, 010-5434-1354, male
박주준, 20, rww6h92gfzow@naver.com, 010-5434-1354, female
김윤은, 22, chrlaar@google.com, 010-1641-2916, male
박하진, 32, rv3kvd14f@google.com, 010-1641-2916, female
조주우, 20, z72cqe2@nate.com, 010-1641-2916, male
이서서, 43, boxcv@tistory.com, 010-1641-2916, male
윤지원, 44, 5ltr13zatm@nate.com, 010-7213-6372, female
김현은, 32, 599rgh1idpv@nate.com, 010-6744-4167, male
강채우, 22, bx132w396s@naver.com, 010-6744-4167, female
김하우, 57, ef3u2m1q@google.com, 010-6744-4167, female
박현아, 48, msrr4useyc@kakao.com, 010-6744-4167, male
윤현진, 39, urwodyu8vvmv@tistory.com, 010-6744-4167, male
윤서후, 25, a85nuet@tistory.com, 010-6744-4167, male
박서은, 40, d3eszwoowt7@google.com, 010-3047-5730, male
윤예원, 60, twoqmaz2@nate.com, 010-3047-5730, female
이주서, 60, tnkx58k5v2wn@tistory.com, 010-3047-5730, female
이민아, 46, wz8t6@nate.com, 010-3047-5730, female
조주호, 24, zs0b0@google.com, 010-5839-1058, male
박지원, 24, rftb8vfpch@naver.com, 010-3047-5730, male
최윤윤, 60, g0kyrs@tistory.com, 010-3047-5730, female
조윤원, 38, kzxnt6ln6zz@kakao.com, 010-9278-7292, male
윤서우, 50, b8xq36gn@kakao.com, 010-9278-7292, female
임지아, 27, pfu6c8m@kakao.com, 010-9278-7292, male
이도호, 27, ttsvzgmas@nate.com, 010-9278-7292, female
장현아, 45, n4wb1cz@kakao.com, 010-9278-7292, female
조지후, 35, dtocndy@kakao.com, 010-9278-7292, female
장지은, 24, g6m897@google.com, 010-9278-7292, male
임윤진, 45, n9og25e6emi7@naver.com, 010-5475-8854, male
정주후, 35, qppp8wmlig@naver.com, 010-5839-1058, female
윤현호, 34, 5e7k3dey4t@kakao.com, 010-5475-8854, female
최윤윤, 38, 3act299dqdn@nate.com, 010-5475-8854, female
이지은, 51, iydshz6wta@google.com, 010-5475-8854, male
이현준, 54, maiey8@google.com, 010-5475-8854, female
이현은, 41, rkqsd2drhy7@nate.com, 010-1675-0416, male
박윤준, 36, amw76qxnygq@google.com, 010-1675-0416, female
정하윤, 27, bzarycbwafg5@kakao.com, 010-1675-0416, male
장하원, 60, qsfgafqhoo4v@nate.com, 010-1675-0416, male
조지윤, 60, zz3f1ihv9m44@google.com, 010-1675-0416, female
임현진, 45, nb2ktfa8hb@naver.com, 010-7887-1978, female
김예호, 56, rd0ztwkvyzfe@naver.com, 010-2065-2620, female
김윤윤, 47, gppfex@naver.com, 010-7887-1978, female
최지우, 53, 71ohu@naver.com, 010-7887-1978, male
김현우, 37, 5001c520tgg@kakao.com, 010-7887-1978, female
강민우, 39, ouyssdoc6ngn@tistory.com, 010-7887-1978, female
장현준, 60, wtzs2z2@google.com, 010-7887-1978, female
조도준, 43, kz4uio@kakao.com, 010-7887-1978, female
조서우, 30, oxgqt4e1@kakao.com, 010-4104-3541, female
임지호, 41, auopux@nate.com, 010-4104-3541, female
정주연, 48, h9qevdgyew@tistory.com, 010-4104-3541, male
임도우, 34, y0mlu0erzmi@google.com, 010-4104-3541, female
정주후, 33, aceoonzv5wkn@tistory.com, 010-2065-2620, male
윤지준, 28, okp7y1hoxvs0@nate.com, 010-4104-3541, male
임서준, 20, 4mgvet@kakao.com, 010-4104-3541, female
김채서, 51, 6vy1dsdg@kakao.com, 010-9202-4792, male
윤채아, 56, 6nkwvh@tistory.com, 010-9202-4792, female
김주호, 43, zik2c5g05ze@kakao.com, 010-9202-4792, male
김윤윤, 37, sbs4fd@kakao.com, 010-9202-4792, male
박지윤, 29, 0srvazlpw@kakao.com, 010-9202-4792, male
윤하은, 31, 9lb7tmdil9@nate.com, 010-9202-4792, male
이지은, 42, 8sl5o5e@nate.com, 010-9202-4792, female
박하후, 28, tpuwvtu@nate.com, 010-5488-6354, male
최윤서, 60, p9fklxnm8ux@kakao.com, 010-2065-2620, male
장채진, 42, synq9datbh9q@naver.com, 010-5488-6354, male
박채후, 59, 70c14sh4emn@tistory.com, 010-5488-6354, female
윤지아, 58, clha5984k@kakao.com, 010-5488-6354, female
장예진, 44, dz5hbz@tistory.com, 010-5488-6354, male
이주원, 35, mzhog1ce841@google.com, 010-5488-6354, female
김현은, 39, zkpeiv44@naver.com, 010-5488-6354, male
임지은, 33, 7inoaxtpcps@google.com, 010-1704-7917, female
강현윤, 45, pr0repo@kakao.com, 010-1704-7917, male
장주진, 29, dtspi2@naver.com, 010-1704-7917, male
윤지아, 41, wk55zkq@google.com, 010-1704-7917, female
강서연, 25, 4g8sw@nate.com, 010-8253-4182, female
장현우, 40, ysnrdf@tistory.com, 010-1704-7917, female
조현원, 39, h7konffi@nate.com, 010-1704-7917, male
이현우, 49, g36iuz2tix@kakao.com, 010-1704-7917, male
최현호, 48, xkx7fus@google.com, 010-1704-7917, female
최윤아, 45, yhlmr4pbxc6p@tistory.com, 010-7904-9479, female
김현서, 31, gqh5zm@tistory.com, 010-7904-9479, male
이지아, 44, f7822yq60que@tistory.com, 010-7904-9479, female
강윤진, 20, 5pf0sd2qzen@tistory.com, 010-7904-9479, female
임민원, 33, 8r12xceqg3l@tistory.com, 010-7904-9479, female
최주원, 26, 4gf8a19w7le@kakao.com, 010-7904-9479, male
임도진, 56, s0r4hkr@tistory.com, 010-8253-4182, male
김윤아, 33, hwb3d626w6v@tistory.com, 010-7904-9479, male
강윤진, 29, gnvy4z7l@nate.com, 010-4114-1041, male
윤예연, 60, yyh5zk@kakao.com, 010-4114-1041, female
강예은, 27, 2uaag@google.com, 010-4114-1041, male
강서서, 23, 8m4wkzqdn3@nate.com, 010-4114-1041, male
이주원, 41, szrk2dbvw@kakao.com, 010-4114-1041, female
윤윤아, 51, yv67up4hb@kakao.com, 010-4114-1041, female
임예아, 29, e7207xe@nate.com, 010-0368-2603, male
이지아, 53, a8qs19cus@tistory.com, 010-0368-2603, male
윤민서, 58, sx09qubqz@google.com, 010-0368-2603, female
정채아, 45, sqcvzsmikr27@kakao.com, 010-8253-4182, female
이서연, 50, gxi18dvzzzc@google.com, 010-1418-0414, female
이서아, 50, kx790o0yrlzq@kakao.com, 010-3832-3538, male
정지우, 22, 085r1aqh2ah@nate.com, 010-3832-3538, female
장채연, 21, muvbfv@tistory.com, 010-3832-3538, male
윤주준, 23, qex2t9xttuib@nate.com, 010-3832-3538, male
장하서, 32, aarkc@tistory.com, 010-7325-4473, male
임하진, 48, s8tgl11a14e3@tistory.com, 010-9704-7697, female
정서후, 49, ei1cpwmb@naver.com, 010-3243-8532, male
김채서, 33, 6czl2v2eqwz5@nate.com, 010-3243-8532, male
이민윤, 24, kb5g85gzy@google.com, 010-9448-0094, female
최지아, 48, cwv0zni@kakao.com, 010-4453-5744, male
조도은, 23, 3onkyhf@tistory.com, 010-4758-3247, female
장도후, 45, 3eqv27taeptz@nate.com, 010-9448-0094, female
이주진, 23, x0fzpn2q6ch@nate.com, 010-9448-0094, male
장서우, 38, ulic6bv01hyg@kakao.com, 010-5658-1656, male
조예연, 40, 4r215mayn@kakao.com, 010-8088-4780, male
강하서, 42, rtcr9x76t876@nate.com, 010-8088-4780, male
최주아, 40, yspzas1@nate.com, 010-4307-6343, male
윤윤원, 31, 7204p4g6z9d@naver.com, 010-5386-4153, male
강도아, 26, 4a71vfioyi5@google.com, 010-7161-9571, male
최현진, 20, tr9ckv8wf@kakao.com, 010-7161-9571, female
임지서, 49, yswzz8zl2@kakao.com, 010-7161-9571, female
장윤우, 36, 1hts9bkon8vp@google.com, 010-4453-5744, male
최민준, 48, s00fl9z@naver.com, 010-7161-9571, male
임민원, 24, rckit@google.com, 010-4045-8840, male
임주진, 36, 213vsz5fiok9@google.com, 010-4045-8840, female
강채후, 54, 6bfgcgqa@tistory.com, 010-6447-1964, female
정윤서, 40, a984dsx6fk@google.com, 010-6508-0665, male
임서연, 22, mzmzb@kakao.com, 010-6508-0665, female
임지준, 33, swfr08rqntcr@tistory.com, 010-1295-8212, female
정하우, 36, o9bhmccghn0@google.com, 010-1295-8212, male
강채준, 55, 939yx2xu@nate.com, 010-9775-.097, female
장서원, 40, xz3rpm40@google.com, 010-3754-1337, male
장현준, 48, bb8gl6tkyy2@google.com, 010-4453-5744, male
강예연, 38, xi3b8afzx@naver.com, 010-9926-2899, female
윤하연, 25, gqddm@naver.com, 010-9926-2899, female
강예호, 28, 1hkzta39@kakao.com, 010-9926-2899, male
장윤연, 31, pd7zfzc@kakao.com, 010-9926-2899, male
정예호, 58, hcgg2@nate.com, 010-6145-4461, male
이민윤, 58, kdti92u@google.com, 010-6145-4461, female
김예서, 48, csma9@google.com, 010-6145-4461, male
조하서, 45, cte6yyzr@naver.com, 010-6145-4461, female
윤예연, 48, 0hn6pknb@nate.com, 010-6145-4461, female
조현원, 59, 4tagy81@google.com, 010-2373-6023, male
정민서, 37, vvd8x4x7kq5@naver.com, 010-0689-7306, male
박민연, 39, p3sofc@nate.com, 010-2373-6023, male
조지준, 35, ufotuyxuyme@nate.com, 010-2373-6023, male
조하은, 50, 28z68n@google.com, 010-2373-6023, male
강도원, 36, f3odr@google.com, 010-2373-6023, male
장도연, 41, 0izd2lytyz@naver.com, 010-8578-7585, male
임현서, 25, eygzvn@tistory.com, 010-8578-7585, male
최윤아, 24, nv966@naver.com, 010-8578-7585, female
이도후, 29, 93brcizbldz@naver.com, 010-8578-7585, female
장채우, 45, q8g9l9h9zin@google.com, 010-4792-9147, male
박도서, 47, 9czyg@naver.com, 010-4792-9147, male
강주윤, 29, 0k65wwcst@naver.com, 010-6905-8869, male
김채아, 53, 3tf7b@naver.com, 010-4792-9147, male
김지호, 45, f9rz3d7pfsh@kakao.com, 010-4792-9147, female
장도아, 46, urfy9z@kakao.com, 010-4792-9147, female
윤하우, 53, l5ziiokw543@google.com, 010-7098-2070, male
박지후, 33, kb8ppm@nate.com, 010-7098-2070, male
김민윤, 47, ms134mui@tistory.com, 010-7098-2070, male
조서윤, 27, 1rhg2akw0h5q@kakao.com, 010-7098-2070, female
이도서, 47, fx2z5ae82rr@nate.com, 010-7098-2070, female
강도윤, 51, 20z872i7hb@naver.com, 010-7098-2070, female
김주연, 56, eqp3l0y5k@naver.com, 010-7218-2272, male
이민은, 55, 9a2w6@nate.com, 010-3122-0431, female
임예후, 50, fm7uzdwezbvd@google.com, 010-7218-2272, male
박도원, 23, pg5f2odqm@nate.com, 010-7218-2272, male
강민윤, 48, gbzp0czrmxz@tistory.com, 010-7218-2272, female
윤서은, 43, 2q6rzgmm7@nate.com, 010-7218-2272, female
박채호, 36, ak8xwe9@tistory.com, 010-3435-3834, female
최하아, 55, xr6z5zfqk4km@naver.com, 010-3435-3834, female
임하서, 39, 85hic5hsp@nate.com, 010-3435-3834, male
이도호, 20, 3wt347bvp@tistory.com, 010-3435-3834, female
최주은, 38, e044i9lgwnf@tistory.com, 010-3435-3834, male
정도윤, 48, 0ug7faz63@nate.com, 010-3964-2539, male
정하서, 54, 6zg5iiei@google.com, 010-3122-0431, male
강예준, 49, nfxauuvld@kakao.com, 010-3964-2539, female
정도우, 52, 7yribt9tx4zg@naver.com, 010-3964-2539, female
조채은, 37, kusunoza@naver.com, 010-3964-2539, female
이지후, 42, f9n3pvoio@tistory.com, 010-3964-2539, female
임주아, 58, 6llk4a5@nate.com, 010-2097-2720, male
정채우, 22, 086lcmg9xzm7@naver.com, 010-2097-2720, male
장예원, 44, uppq9z@nate.com, 010-2097-2720, male
장서은, 31, 7lupn@nate.com, 010-2097-2720, male
김주은, 44, i1w9r7x@tistory.com, 010-2097-2720, male
이현원, 20, 7g6999a50@tistory.com, 010-7285-8772, male
임주우, 27, 9gqrrat6b@tistory.com, 010-3122-0431, female
윤채호, 39, glygg86l@tistory.com, 010-7285-8772, female
박주진, 25, 7qn6u@nate.com, 010-7285-8772, female
임도호, 27, nz4ykug@nate.com, 010-7285-8772, male
김민호, 28, x2m29rf8a1w4@nate.com, 010-3502-0335, female
조지후, 26, w2zbhstw@naver.com, 010-3502-0335, female
정예호, 33, mzr0vb5z11@google.com, 010-3502-0335, male
장서서, 35, h3rlqdvp9s5@tistory.com, 010-3502-0335, female
윤민윤, 57, ohsyeb@tistory.com, 010-3502-0335, male
조하아, 56, adl5ox@naver.com, 010-3502-0335, male
장지윤, 59, r6zpvi6km@kakao.com, 010-9702-1897, male
장지호, 25, 8rmdzkx4@google.com, 010-3122-0431, female
김현원, 43, fy20lkuz@google.com, 010-9702-1897, female
이예서, 33, amh5m4qz55av@naver.com, 010-9702-1897, female
장예서, 50, xsy09ixr@tistory.com, 010-9702-1897, male
정하진, 55, pzykn2nw6@kakao.com, 010-9702-1897, female
박예원, 49, 2ep84yf@naver.com, 010-9702-1897, male
김하서, 28, 40g87f@kakao.com, 010-4591-3345, female
임채아, 30, eoyfv@nate.com, 010-4591-3345, male
정주연, 50, 2rf8upzrd@nate.com, 010-4591-3345, female
윤윤은, 32, g6zh0mpmxa@tistory.com, 010-4591-3345, male
박도연, 29, s4tzfoa4s8w@nate.com, 010-4591-3345, female
이지연, 59, kqxdda58d@nate.com, 010-3122-0431, female
임현우, 38, flsiz@tistory.com, 010-4591-3345, male
윤채연, 46, llp556s6@nate.com, 010-0212-3502, male
이주연, 35, 1tl6curlz0@google.com, 010-0212-3502, female
장도진, 35, z84svs5ufg@kakao.com, 010-0212-3502, female
박지은, 22, dz39c@nate.com, 010-8347-6583, female
정민서, 27, 2112vizhplz@naver.com, 010-8347-6583, male
최도윤, 36, 7usl9d9@tistory.com, 010-8347-6583, male
조지서, 48, 4o2a8m@nate.com, 010-9347-3793, female
박지연, 28, g4d2ek9afmn@tistory.com, 010-9347-3793, female
박지준, 32, xpzepvtd@google.com, 010-9347-3793, male
장채서, 56, ruy79@tistory.com, 010-9331-1993, male
김채은, 41, wbvys14692l@google.com, 010-4758-3247, male
이채연, 53, zatp5dgp@tistory.com, 010-9347-3793, male
임예우, 58, kzi565v70@naver.com, 010-9347-3793, female
정서우, 21, zkvkt2z8b2@kakao.com, 010-9347-3793, male
이서연, 48, 5wqwe7f0kq@tistory.com, 010-9769-9497, female
박현연, 52, i07qpfky@nate.com, 010-9769-9497, male
김지진, 29, zrcil@google.com, 010-9769-9497, male
이도아, 24, ppqf1fz@kakao.com, 010-9769-9497, male
윤도후, 41, 2de8p@naver.com, 010-5985-1059, female
강하우, 33, r621rx@nate.com, 010-5985-1059, male
최하윤, 27, xfg4yxchslw@nate.com, 010-5985-1059, female
이예윤, 27, ge9yup7zg@tistory.com, 010-9331-1993, male
조하연, 30, znzifccopy6@google.com, 010-5985-1059, female
장채서, 28, leptpmv7zw@kakao.com, 010-5985-1059, male
이민우, 26, ev1tv@kakao.com, 010-2216-2622, female
장윤우, 53, 1bach@google.com, 010-2216-2622, female
임지은, 27, q6kcz0hv8w@naver.com, 010-2216-2622, male
윤민서, 44, qzld0@kakao.com, 010-2216-2622, male
김지원, 36, znrpd94@kakao.com, 010-2216-2622, female
최예서, 48, g9rhu22@tistory.com, 010-2216-2622, female
조현준, 53, bwpk345c2d7@nate.com, 010-8411-4184, male
김도원, 20, tgp32@google.com, 010-8411-4184, female
윤민후, 34, tg0o7xd@google.com, 010-9331-1993, female
장하원, 38, a5hvt4s@kakao.com, 010-8411-4184, female
강하아, 39, qr0rk0sl1evs@tistory.com, 010-8411-4184, female
강주아, 22, znoqwqczlr8f@nate.com, 010-8411-4184, female
박예은, 47, qhubt7zhw8kl@nate.com, 010-8411-4184, female
최지후, 31, z2gud971oki@kakao.com, 010-8411-4184, female
정채아, 34, yflhm03rd9h0@naver.com, 010-4623-5746, female
조지윤, 49, e6kvrzon6av@kakao.com, 010-4623-5746, male
강윤후, 20, ng2tb9bmkph@google.com, 010-4623-5746, female
조서윤, 49, zzza8043e3z5@naver.com, 010-4623-5746, male
임민호, 33, 4iz2ixe1d@tistory.com, 010-4623-5746, male
강도은, 43, 4bfpw32@google.com, 010-5555-3555, female
박윤진, 55, dyonso@tistory.com, 010-4623-5746, female
강지원, 24, 4wknh0enl@kakao.com, 010-0835-7308, female
조지호, 33, owhzhv@google.com, 010-0835-7308, male
강서아, 51, 1yq4ydoy@google.com, 010-0835-7308, male
장지서, 28, ly6957zqm2@kakao.com, 010-0835-7308, male
김주후, 34, fdwl2f79@naver.com, 010-0835-7308, female
이현서, 34, 1a3xzbdi7n@tistory.com, 010-0835-7308, male
이채은, 56, z8z28u83@kakao.com, 010-7044-8870, male
이채후, 55, ys5lsb@naver.com, 010-7044-8870, male
정서원, 50, heq8g6@tistory.com, 010-7044-8870, male
조예후, 40, ztbrd1@naver.com, 010-5555-3555, female
장도서, 59, lhkgffz3ez@google.com, 010-7044-8870, female
이주윤, 28, zfwyr@naver.com, 010-7044-8870, male
김윤서, 28, pr6ko@nate.com, 010-7044-8870, male
이채준, 31, xsllsohlzz@nate.com, 010-7044-8870, female
정주진, 57, ncounqo@google.com, 010-7044-8870, male
조채서, 34, bayrz@google.com, 010-3297-0432, male
임도원, 49, xlkee@kakao.com, 010-3297-0432, female
이지윤, 57, 07zsziy67@naver.com, 010-3297-0432, male
임지호, 42, knw6fo@naver.com, 010-3297-0432, male
윤지은, 50, 37g6f79xor28@naver.com, 010-3297-0432, male
박윤후, 25, rgdo0vi@nate.com, 010-5555-3555, female
임주윤, 33, qhot1a3v@tistory.com, 010-3297-0432, female
조민후, 25, gzw398udl@nate.com, 010-3297-0432, female
김주우, 32, 89yhci91@naver.com, 010-9949-5199, male
정민우, 39, pveunwva@nate.com, 010-9949-5199, female
윤서연, 58, g4w3dx@google.com, 010-9949-5199, male
윤도우, 29, 89m0ta@tistory.com, 010-9949-5199, male
장민은, 29, 2m9sa15tf@tistory.com, 010-9949-5199, male
조지원, 37, 5qcyl3e8@nate.com, 010-9949-5199, male
이지연, 54, 7nkncbv2bq@tistory.com, 010-5685-3556, male
이민윤, 20, n6az3fgb@google.com, 010-5685-3556, male
박채서, 54, f6ovpv@tistory.com, 010-1738-5117, male
이윤은, 47, d7e9i5ugzsla@naver.com, 010-5685-3556, male
김주서, 56, 6a5137cy5s6@google.com, 010-5685-3556, male
조현준, 54, pgr6xlw5x4@kakao.com, 010-5685-3556, female
강윤호, 42, gg9on4hvgvo@tistory.com, 010-5685-3556, female
조도윤, 35, dnbgwbdy1@google.com, 010-5685-3556, female
박서아, 40, t0v7xmn@naver.com, 010-1932-5119, male
강예윤, 55, hmhg5k3tbzza@tistory.com, 010-1932-5119, male
정지준, 59, k28cg@google.com, 010-1932-5119, female
정주우, 42, yb9azqnz@kakao.com, 010-1932-5119, male
윤현준, 54, t1gu0yb64@google.com, 010-1932-5119, female
조서서, 47, 1qpya22r@google.com, 010-1738-5117, male
윤민원, 36, m33y99m5wi68@google.com, 010-1932-5119, female
강주연, 35, 3oh3s8u1@naver.com, 010-8125-6681, male
강서후, 50, fzapg2gix@google.com, 010-8125-6681, female
최주진, 34, fbprg@tistory.com, 010-8125-6681, male
장현연, 24, lkpsz3@nate.com, 010-8125-6681, female
조채연, 23, nqz1esagfov@nate.com, 010-8125-6681, male
임현호, 50, xt299xhg@naver.com, 010-8125-6681, female
임주아, 25, dd0gwi35g8@nate.com, 010-2433-5824, male
조지윤, 51, pac5b@naver.com, 010-2433-5824, male
김채서, 55, euipen91t@nate.com, 010-2433-5824, male
김민윤, 35, 4coo0guz@naver.com, 010-1738-5117, male
이윤호, 48, kqw3b@nate.com, 010-2433-5824, female
이지원, 28, 36wrb63@naver.com, 010-2433-5824, male
임서은, 54, biser1mhk@tistory.com, 010-2433-5824, male
최서원, 21, ig53bbop@naver.com, 010-2433-5824, male
윤주호, 48, txfe9c4dwp@kakao.com, 010-0535-9805, male
이서아, 34, 2nezohdr1@kakao.com, 010-0535-9805, female
박서원, 38, 7hc85w@naver.com, 010-0535-9805, female
윤민연, 22, ceyswp1z@kakao.com, 010-0535-9805, male
임도원, 20, f08ekv@google.com, 010-0535-9805, male
정민진, 25, bqgxuk@naver.com, 010-0535-9805, male
이지우, 54, bvewlve3@naver.com, 010-1738-5117, male
장서윤, 36, 19rlc791@google.com, 010-0535-9805, male
이현진, 52, sii9i@google.com, 010-6773-1367, female
박지원, 30, zb5rgk@tistory.com, 010-6773-1367, female
정윤연, 45, pkpy9psp59do@google.com, 010-6773-1367, male
윤채진, 58, 2c1q0zwiz61n@tistory.com, 010-9296-6292, male
조지은, 29, zzte35h2xd35@tistory.com, 010-9296-6292, female
이현원, 27, rezxlp2ykc8c@nate.com, 010-9296-6292, female
장예아, 35, hdzzk@kakao.com, 010-9296-6292, female
정서은, 32, psm70sod@nate.com, 010-9296-6292, female
조채호, 30, 6zuelmk3gv@naver.com, 010-9184-4491, male
김민아, 24, ae5mioz5szrk@google.com, 010-6798-6667, female
이예서, 38, dtpnf5ysfre3@kakao.com, 010-4758-3247, male
임도서, 58, hxb3alsqxuo8@nate.com, 010-9184-4491, male
조지진, 20, tewrogzwk72@tistory.com, 010-9184-4491, female
박윤우, 39, 3812bp91wr@kakao.com, 010-9184-4491, female
정지연, 48, t39yl5@google.com, 010-9184-4491, female
윤도원, 55, x6g9rwx8o@naver.com, 010-9184-4491, male
강윤은, 37, xnkvkhy@nate.com, 010-5399-6053, male
조예진, 56, 2gz0guv@tistory.com, 010-5399-6053, male
장채후, 24, 66sh0qptmih@naver.com, 010-5399-6053, female
임현윤, 48, ocu4oid@nate.com, 010-5399-6053, male
장지서, 34, 0ys97psxefp7@tistory.com, 010-5399-6053, female
김채아, 56, 3zq91czw3g0f@tistory.com, 010-6798-6667, female
최서아, 27, 4vqhz15ge4fd@nate.com, 010-1649-7616, male
강주연, 48, uu2yz@google.com, 010-1649-7616, male
강서진, 60, nzudeylq2@google.com, 010-1649-7616, female
강채서, 23, ywb8puffx@kakao.com, 010-1649-7616, female
강하우, 30, hd76iyk9@kakao.com, 010-1649-7616, male
윤윤윤, 44, gybmedzhs@tistory.com, 010-1649-7616, female
이도진, 55, wvfikekqf53@kakao.com, 010-7825-9178, male
강도은, 58, wvxi4ar@naver.com, 010-7825-9178, female
임주진, 26, aa7nzqt7@kakao.com, 010-7825-9178, female
강지준, 32, xc9f2cm@kakao.com, 010-7825-9178, female
장지은, 52, tg8fl7@naver.com, 010-6798-6667, male
이하준, 20, 49qfr2umv@naver.com, 010-7825-9178, female
정민호, 34, ux9xg2zpz@google.com, 010-7825-9178, female
박주연, 56, n6bpvmq6@nate.com, 010-7825-9178, male
김현연, 31, 4zvvhpkz7091@kakao.com, 010-4027-0740, female
정현윤, 50, g76s6m@tistory.com, 010-4027-0740, male
장하호, 24, yt53s@naver.com, 010-4027-0740, male
이채서, 53, dbrfg4mg@nate.com, 010-4027-0740, male
김서윤, 31, payz8e040c6@google.com, 010-4027-0740, male
임채후, 60, iwuekoe5oo@google.com, 010-4027-0740, female
조현진, 43, k3mxswz@naver.com, 010-4027-0740, female
윤주준, 53, lhekzne@naver.com, 010-0402-9804, female
최지진, 59, p60f7ts9wkzr@kakao.com, 010-0253-2302, male
이채윤, 35, 9hzr3@tistory.com, 010-0253-2302, female
김서우, 39, rv9oie5@google.com, 010-0253-2302, male
윤현연, 51, d05bi691@kakao.com, 010-0253-2302, male
장지아, 26, z3zzrrqd@google.com, 010-0253-2302, male
장도아, 53, w9gbzk@kakao.com, 010-0253-2302, male
임채원, 40, adqnkw@nate.com, 010-0253-2302, male
강예은, 42, n1cbk@google.com, 010-6482-3864, female
윤예진, 26, 8dan4b@google.com, 010-6482-3864, female
최하아, 37, h56ushdb62nt@google.com, 010-6482-3864, male
김서진, 38, iayk8svw@kakao.com, 010-6621-1366, female
임지윤, 54, lfs0mgrhh@tistory.com, 010-6482-3864, female
김채우, 50, xrg3gy@google.com, 010-6482-3864, male
조예연, 35, almzk7c2ri@nate.com, 010-6482-3864, female
강현후, 35, pz5ucx5po9@kakao.com, 010-6482-3864, female
장예아, 37, x6imd019i@naver.com, 010-2682-5426, female
윤도아, 47, koe3sy@kakao.com, 010-2682-5426, male
임민윤, 57, sldn973qx@nate.com, 010-2682-5426, female
김주아, 47, o0vm34yle@nate.com, 010-2682-5426, male
강서은, 34, zzwyzkl9i3q@naver.com, 010-2682-5426, female
강예진, 41, qieppv@kakao.com, 010-2682-5426, female
정예후, 34, uq3ax@kakao.com, 010-6621-1366, female
임채호, 22, g2fdge2wnzy9@naver.com, 010-9888-7698, female
조주연, 60, zwkqdt3p8o@naver.com, 010-9888-7698, female
이도연, 59, dse3yzx4blv@kakao.com, 010-9888-7698, male
윤민윤, 44, 8wgm5o@kakao.com, 010-9888-7698, male
이도준, 28, n9yeq@tistory.com, 010-9888-7698, female
김현준, 36, dm00zen82@naver.com, 010-9888-7698, male
박지은, 24, uvamgzplqaxi@google.com, 010-9888-7698, female
최주후, 25, z36u0yx414c@nate.com, 010-9888-7698, male
임채후, 25, x6mahshkp2@tistory.com, 010-9888-7698, female
강지후, 28, yghw9vdiqo@kakao.com, 010-5124-8551, male
조주우, 38, 23axy@kakao.com, 010-6621-1366, female
이지서, 58, zmzd47y97de@nate.com, 010-5124-8551, female
박지원, 39, lzu0a5i@naver.com, 010-5124-8551, female
조예원, 44, q876pvueafmv@kakao.com, 010-5124-8551, female
윤도진, 28, vvtqmf0yhm3l@nate.com, 010-5124-8551, female
윤민우, 26, c911a@naver.com, 010-5124-8551, female
윤도원, 38, 4mu0ohan@tistory.com, 010-5124-8551, female
정예후, 47, kl1ml@tistory.com, 010-1317-0113, female
강현연, 26, xwdrq@kakao.com, 010-1317-0113, male
임지우, 53, u9lrfn3bg@tistory.com, 010-1317-0113, male
강지후, 53, 1amman@nate.com, 010-1317-0113, female
윤예연, 42, fu2nas0t4e@tistory.com, 010-9283-7292, female
김채원, 36, 0lrmfd8@naver.com, 010-1317-0113, female
장현은, 50, 3zg5pv7@google.com, 010-1317-0113, female
조민은, 58, hsr9htuyxdd@tistory.com, 010-1317-0113, female
이채진, 43, 2y29k@kakao.com, 010-1317-0113, female
장현호, 21, okfrkum@naver.com, 010-7531-1675, female
김주원, 27, 30nv8l@tistory.com, 010-7531-1675, male
임지아, 28, lgc6b@nate.com, 010-7531-1675, male
정도준, 43, ceoywlxza@nate.com, 010-7531-1675, female
박도원, 20, o7mqz6vqw@naver.com, 010-7531-1675, male
윤주후, 57, wdmw7lhq7q@tistory.com, 010-7531-1675, male
이민진, 28, ki4vqeo@naver.com, 010-9283-7292, male
임하서, 43, u7289@google.com, 010-7531-1675, female
장도후, 44, oevca0c3l@tistory.com, 010-3772-3237, female
윤현준, 24, 197n2vbfd8p@tistory.com, 010-3772-3237, male
박지진, 37, i466v1zrm@naver.com, 010-3772-3237, female
임도후, 36, l5krde@naver.com, 010-3772-3237, female
임지연, 22, lphz6bb0k@naver.com, 010-3772-3237, female
장예후, 23, b4ki9uai@tistory.com, 010-3772-3237, female
정민은, 43, 7h1yl@naver.com, 010-3772-3237, male
박서원, 33, eor0tobl@nate.com, 010-3772-3237, male
이채은, 59, l2xl0b@kakao.com, 010-9948-4799, female
임지호, 57, 11llh@tistory.com, 010-9283-7292, female
장지우, 41, im96or09q6@kakao.com, 010-9948-4799, male
임하은, 24, b9ttk0vy@nate.com, 010-9948-4799, male
정서우, 29, 3p5t7v@google.com, 010-9948-4799, female
조하우, 40, h0byp@nate.com, 010-9948-4799, female
조민윤, 54, qehal7b8c@google.com, 010-9948-4799, female
정주연, 55, m677vol4@google.com, 010-9948-4799, male
임현원, 26, wa8o6v02il@tistory.com, 010-9948-4799, male
김민진, 23, mmqah@tistory.com, 010-6203-6362, female
박지은, 20, 842h8f@kakao.com, 010-6203-6362, male
강예후, 20, v7htx1mt@nate.com, 010-6203-6362, female
임지아, 56, 7sr6i2ubmke@naver.com, 010-9283-7292, male
장민서, 26, 22zcozkehk@kakao.com, 010-4758-3247, female
김서아, 29, 6owz8k@google.com, 010-6203-6362, female
이예진, 34, rtosq@naver.com, 010-6203-6362, male
강채우, 34, ywb7zkw@naver.com, 010-6203-6362, female